"standard"	"formula"	"known_mass"	"qc-15"	"qc-16"	"qc-17"	"qc-18"	"qc-19"	"qc-20"	"qc-21"	"qc-22"	"qc-23"	"qc-24"
"N-methylacetamide"	"C3H7NO"	74.060040	74.1536	74.1505	74.1504	74.1572	74.1612	74.1685	74.1582	74.1573	74.1565	74.1612
"1,3-naphthalenediol"	"C10H8O2"	161.059706	160.7440	160.7395	160.7374	160.7190	160.7420	160.7557	160.7507	160.7441	160.7542	160.7310
"7-amino-4-methylcoumarin"	"C10H9NO2"	176.070605	175.7325	175.7290	175.7365	175.7369	175.7330	175.7346	175.7417	175.7388	175.7330	175.7412
"2-Phenylindole"	"C14H11N"	194.096425	193.7738	193.7682	193.7720	193.7713	193.7653	193.7786	193.7682	193.7596	193.7786	193.7707
"chlorogenic acid"	"C16H18O9"	355.102361	355.0242	355.0127	355.0161	355.0115	355.0299	355.0177	355.0164	355.0102	355.0170	355.0168
"cortisone"	"C21H28O5"	361.200951	361.1360	361.1382	361.1448	361.1339	361.1348	361.1422	361.1507	361.1439	361.1342	361.1297
