"molecule"	"formula"	"monoisotopic_mass"	"charged_mass"	"observed_mass_avg"	"mass_error_avg"	"delta"
"1,3-naphthalenediol"	"C10H8O2"	"160.05243"	161.059706	160.74176	1974.08779573943	0.317945999999978
"7-amino-4-methylcoumarin"	"C10H9NO2"	"175.063329"	176.070605	175.73572	1901.99266936125	0.334884999999986
"2-Phenylindole"	"C14H11N"	"193.089149"	194.096425	193.77063	1678.52138440973	0.325794999999971
"undecanophenone"	"C17H26O"	"246.198365"	247.205641	246.96564	970.855677197019	0.240000999999978
"abscisic acid"	"C15H20O4"	"264.13616"	265.143436	264.9013	913.226454529354	0.242136000000016
"di-n-pentyl phthalate"	"C18H26O4"	"306.18311"	307.190386	307.0517	451.465951802266	0.138686000000007
"chlorogenic acid"	"C16H18O9"	"354.095085"	355.102361	355.01725	239.680186187154	0.0851109999999835
"cortisone"	"C21H28O5"	"360.193675"	361.200951	361.13884	171.956911597339	0.0621109999999589
