"standard"	"formula"	"known_mass"	"o1"	"o2"	"o3"	"o4"	"o1_ppm"	"o2_ppm"	"o3_ppm"	"o4_ppm"	"avg_ppm"
"Glucose"	"C6H12O6"	178.04774	178	177.9	178.15	178.125	268.130334032909	829.777451822746	574.340342651926	433.928563204427	456.860338342402
"Caffeine"	"C8H10N4O2"	194.0804	194	194.1	194.05	194.02	414.261306139092	100.98907463091	156.636115754017	311.211229985033	235.42354530181
